id,label,classify
0,5,3
1,5,0
2,5,2
3,5,6
4,5,7
5,5,6
6,5,1
7,5,8
8,5,3
9,5,4
10,5,8
11,5,9
12,5,6
13,5,7
14,5,8
15,5,8
16,5,2
17,5,2
18,5,2
19,5,9
20,5,3
21,5,6
22,5,6
23,5,1
24,5,2
25,5,7
26,5,1
27,5,6
28,5,0
29,5,0
30,5,8
31,5,8
32,5,2
33,5,7
34,5,0
35,5,3
36,5,6
37,5,0
38,5,6
39,5,8
40,5,7
41,5,9
42,5,4
43,5,4
44,5,9
45,5,4
46,5,7
47,5,8
48,5,6
49,5,4
50,5,3
51,5,1
52,5,6
53,5,2
54,5,5
55,5,6
56,5,0
57,5,1
58,5,3
59,5,4
60,5,5
61,5,1
62,5,2
63,5,6
64,5,1
65,5,4
66,5,1
67,5,2
68,5,8
69,5,0
70,5,3
71,5,3
72,5,7
73,5,2
74,5,3
75,5,4
76,5,0
77,5,6
78,5,1
79,5,0
80,5,6
81,5,7
82,5,9
83,5,6
84,5,3
85,5,6
86,5,6
87,5,2
88,5,2
89,5,2
90,5,2
91,5,1
92,5,9
93,5,5
94,5,0
95,5,9
96,5,6
97,5,4
98,5,6
99,5,2
100,5,1
101,5,2
102,5,6
103,5,6
104,5,3
105,5,8
106,5,4
107,5,6
108,5,3
109,5,4
110,5,6
111,5,7
112,5,1
113,5,6
114,5,3
115,5,2
116,5,1
117,5,1
118,5,1
119,5,7
120,5,7
121,5,0
122,5,3
123,5,4
124,5,8
125,5,2
126,5,1
127,5,2
128,5,6
129,5,0
130,5,3
131,5,3
132,5,1
133,5,1
134,5,9
135,5,0
136,5,1
137,5,1
138,5,7
139,5,5
140,5,0
141,5,9
142,5,3
143,5,1
144,5,8
145,5,1
146,5,8
147,5,6
148,5,4
149,5,0
150,5,9
151,5,6
152,5,7
153,5,7
154,5,0
155,5,0
156,5,7
157,5,1
158,5,2
159,5,2
160,5,0
161,5,8
162,5,1
163,5,0
164,5,3
165,5,1
166,5,2
167,5,6
168,5,2
169,5,2
170,5,1
171,5,8
172,5,4
173,5,3
174,5,2
175,5,5
176,5,6
177,5,3
178,5,0
179,5,6
180,5,1
181,5,2
182,5,8
183,5,6
184,5,3
185,5,0
186,5,7
187,5,1
188,5,1
189,5,9
190,5,4
191,5,3
192,5,6
193,5,6
194,5,8
195,5,2
196,5,6
197,5,2
198,5,9
199,5,1
200,5,8
201,5,1
202,5,3
203,5,2
204,5,3
205,5,8
206,5,7
207,5,9
208,5,0
209,5,1
210,5,0
211,5,4
212,5,0
213,5,3
214,5,2
215,5,4
216,5,0
217,5,9
218,5,0
219,5,7
220,5,5
221,5,6
222,5,4
223,5,0
224,5,2
225,5,0
226,5,2
227,5,8
228,5,3
229,5,0
230,5,3
231,5,0
232,5,4
233,5,2
234,5,0
235,5,2
236,5,6
237,5,1
238,5,9
239,5,2
240,5,4
241,5,8
242,5,9
243,5,8
244,5,2
245,5,2
246,5,2
247,5,7
248,5,0
249,5,2
250,5,3
251,5,4
252,5,8
253,5,3
254,5,6
255,5,2
256,5,2
257,5,3
258,5,3
259,5,3
260,5,8
261,5,4
262,5,0
263,5,4
264,5,8
265,5,6
266,5,1
267,5,4
268,5,0
269,5,3
270,5,6
271,5,2
272,5,3
273,5,8
274,5,5
275,5,4
276,5,3
277,5,1
278,5,4
279,5,1
280,5,2
281,5,0
282,5,9
283,5,8
284,5,3
285,5,4
286,5,6
287,5,3
288,5,0
289,5,9
290,5,7
291,5,0
292,5,9
293,5,6
294,5,2
295,5,6
296,5,3
297,5,0
298,5,8
299,5,3
300,5,8
301,5,3
302,5,2
303,5,3
304,5,8
305,5,4
306,5,5
307,5,3
308,5,7
309,5,0
310,5,1
311,5,3
312,5,0
313,5,3
314,5,3
315,5,2
316,5,8
317,5,2
318,5,3
319,5,7
320,5,9
321,5,3
322,5,9
323,5,4
324,5,1
325,5,7
326,5,8
327,5,2
328,5,1
329,5,1
330,5,0
331,5,6
332,5,1
333,5,8
334,5,6
335,5,8
336,5,9
337,5,1
338,5,9
339,5,9
340,5,6
341,5,4
342,5,0
343,5,1
344,5,2
345,5,3
346,5,9
347,5,7
348,5,2
349,5,9
350,5,0
351,5,1
352,5,0
353,5,1
354,5,6
355,5,2
356,5,2
357,5,1
358,5,4
359,5,2
360,5,2
361,5,0
362,5,3
363,5,1
364,5,1
365,5,4
366,5,5
367,5,8
368,5,2
369,5,3
370,5,2
371,5,2
372,5,1
373,5,3
374,5,3
375,5,7
376,5,4
377,5,0
378,5,1
379,5,2
380,5,5
381,5,7
382,5,6
383,5,2
384,5,1
385,5,6
386,5,3
387,5,8
388,5,4
389,5,4
390,5,7
391,5,8
392,5,1
393,5,2
394,5,0
395,5,6
396,5,1
397,5,3
398,5,3
399,5,9
400,5,9
401,5,9
402,5,0
403,5,2
404,5,0
405,5,3
406,5,8
407,5,5
408,5,9
409,5,7
410,5,5
411,5,0
412,5,1
413,5,6
414,5,8
415,5,3
416,5,5
417,5,8
418,5,3
419,5,4
420,5,7
421,5,4
422,5,1
423,5,1
424,5,7
425,5,0
426,5,6
427,5,0
428,5,3
429,5,1
430,5,8
431,5,8
432,5,9
433,5,0
434,5,9
435,5,6
436,5,3
437,5,6
438,5,8
439,5,2
440,5,4
441,5,9
442,5,7
443,5,2
444,5,8
445,5,3
446,5,8
447,5,0
448,5,3
449,5,7
450,5,8
451,5,5
452,5,6
453,5,6
454,5,8
455,5,2
456,5,6
457,5,0
458,5,9
459,5,2
460,5,1
461,5,8
462,5,6
463,5,1
464,5,0
465,5,3
466,5,0
467,5,2
468,5,0
469,5,2
470,5,6
471,5,5
472,5,7
473,5,4
474,5,8
475,5,3
476,5,3
477,5,0
478,5,1
479,5,8
480,5,6
481,5,7
482,5,1
483,5,2
484,5,8
485,5,8
486,5,6
487,5,0
488,5,2
489,5,4
490,5,3
491,5,7
492,5,7
493,5,1
494,5,1
495,5,0
496,5,3
497,5,2
498,5,7
499,5,6
500,5,3
501,5,5
502,5,4
503,5,7
504,5,0
505,5,2
506,5,2
507,5,3
508,5,1
509,5,6
510,5,6
511,5,8
512,5,1
513,5,3
514,5,1
515,5,4
516,5,4
517,5,1
518,5,0
519,5,3
520,5,2
521,5,7
522,5,1
523,5,2
524,5,8
525,5,0
526,5,2
527,5,3
528,5,2
529,5,4
530,5,9
531,5,3
532,5,8
533,5,8
534,5,4
535,5,1
536,5,1
537,5,3
538,5,7
539,5,4
540,5,8
541,5,1
542,5,5
543,5,9
544,5,2
545,5,1
546,5,6
547,5,6
548,5,8
549,5,8
550,5,5
551,5,3
552,5,3
553,5,3
554,5,6
555,5,2
556,5,6
557,5,6
558,5,7
559,5,2
560,5,8
561,5,2
562,5,6
563,5,0
564,5,6
565,5,3
566,5,0
567,5,7
568,5,3
569,5,3
570,5,8
571,5,6
572,5,1
573,5,3
574,5,1
575,5,7
576,5,6
577,5,9
578,5,4
579,5,8
580,5,1
581,5,8
582,5,5
583,5,8
584,5,3
585,5,1
586,5,2
587,5,4
588,5,7
589,5,7
590,5,4
591,5,4
592,5,0
593,5,2
594,5,6
595,5,2
596,5,6
597,5,6
598,5,2
599,5,6
600,5,8
601,5,8
602,5,0
603,5,5
604,5,0
605,5,0
606,5,1
607,5,9
608,5,0
609,5,1
610,5,2
611,5,0
612,5,2
613,5,3
614,5,0
615,5,2
616,5,1
617,5,1
618,5,8
619,5,2
620,5,3
621,5,8
622,5,9
623,5,3
624,5,3
625,5,0
626,5,7
627,5,4
628,5,8
629,5,3
630,5,2
631,5,6
632,5,1
633,5,1
634,5,0
635,5,4
636,5,6
637,5,6
638,5,5
639,5,5
640,5,3
641,5,3
642,5,2
643,5,1
644,5,5
645,5,1
646,5,6
647,5,7
648,5,5
649,5,0
650,5,9
651,5,0
652,5,2
653,5,1
654,5,2
655,5,2
656,5,2
657,5,3
658,5,8
659,5,0
660,5,3
661,5,5
662,5,3
663,5,9
664,5,8
665,5,4
666,5,8
667,5,1
668,5,6
669,5,2
670,5,0
671,5,0
672,5,7
673,5,3
674,5,2
675,5,4
676,5,3
677,5,0
678,5,5
679,5,3
680,5,9
681,5,0
682,5,3
683,5,4
684,5,6
685,5,5
686,5,2
687,5,1
688,5,5
689,5,2
690,5,7
691,5,9
692,5,5
693,5,3
694,5,3
695,5,9
696,5,8
697,5,8
698,5,8
699,5,3
700,5,5
701,5,1
702,5,0
703,5,1
704,5,4
705,5,9
706,5,6
707,5,3
708,5,9
709,5,3
710,5,8
711,5,1
712,5,7
713,5,0
714,5,9
715,5,8
716,5,1
717,5,2
718,5,1
719,5,1
720,5,6
721,5,5
722,5,2
723,5,4
724,5,9
725,5,3
726,5,6
727,5,2
728,5,1
729,5,1
730,5,4
731,5,1
732,5,1
733,5,9
734,5,3
735,5,0
736,5,2
737,5,8
738,5,8
739,5,3
740,5,0
741,5,0
742,5,1
743,5,0
744,5,2
745,5,3
746,5,0
747,5,4
748,5,0
749,5,0
750,5,6
751,5,1
752,5,4
753,5,2
754,5,7
755,5,9
756,5,2
757,5,7
758,5,8
759,5,4
760,5,1
761,5,3
762,5,0
763,5,2
764,5,2
765,5,2
766,5,0
767,5,0
768,5,7
769,5,8
770,5,0
771,5,1
772,5,3
773,5,0
774,5,9
775,5,7
776,5,0
777,5,1
778,5,3
779,5,0
780,5,9
781,5,3
782,5,2
783,5,1
784,5,6
785,5,3
786,5,3
787,5,8
788,5,6
789,5,1
790,5,3
791,5,0
792,5,8
793,5,7
794,5,9
795,5,5
796,5,8
797,5,2
798,5,2
799,5,3
800,5,5
801,5,2
802,5,6
803,5,9
804,5,0
805,5,3
806,5,0
807,5,4
808,5,8
809,5,2
810,5,6
811,5,2
812,5,4
813,5,1
814,5,8
815,5,9
816,5,9
817,5,3
818,5,1
819,5,1
820,5,8
821,5,0
822,5,0
823,5,8
824,5,5
825,5,5
826,5,2
827,5,7
828,5,1
829,5,0
830,5,9
831,5,2
832,5,8
833,5,0
834,5,5
835,5,6
836,5,6
837,5,4
838,5,4
839,5,5
840,5,4
841,5,4
842,5,1
843,5,1
844,5,1
845,5,8
846,5,3
847,5,8
848,5,3
849,5,5
850,5,0
851,5,5
852,5,0
853,5,7
854,5,5
855,5,1
856,5,2
857,5,1
858,5,0
859,5,7
860,5,6
861,5,1
862,5,8
863,5,7
864,5,0
865,5,1
866,5,3
867,5,5
868,5,3
869,5,3
870,5,3
871,5,0
872,5,4
873,5,8
874,5,6
875,5,0
876,5,4
877,5,3
878,5,1
879,5,2
880,5,0
881,5,6
882,5,5
883,5,8
884,5,0
885,5,4
886,5,0
887,5,4
888,5,7
889,5,4
890,5,8
891,5,7
892,5,8
893,5,6
894,5,2
895,5,9
896,5,5
897,5,3
898,5,8
899,5,7
900,5,8
901,5,9
902,5,6
903,5,2
904,5,3
905,5,1
906,5,8
907,5,5
908,5,7
909,5,8
910,5,1
911,5,0
912,5,9
913,5,9
914,5,6
915,5,1
916,5,9
917,5,5
918,5,3
919,5,0
920,5,4
921,5,3
922,5,8
923,5,9
924,5,3
925,5,2
926,5,6
927,5,3
928,5,1
929,5,0
930,5,3
931,5,0
932,5,3
933,5,0
934,5,2
935,5,3
936,5,2
937,5,3
938,5,3
939,5,3
940,5,6
941,5,2
942,5,3
943,5,4
944,5,1
945,5,3
946,5,7
947,5,2
948,5,2
949,5,6
950,5,1
951,5,3
952,5,1
953,5,6
954,5,0
955,5,1
956,5,6
957,5,7
958,5,3
959,5,8
960,5,7
961,5,3
962,5,8
963,5,2
964,5,7
965,5,2
966,5,8
967,5,4
968,5,1
969,5,9
970,5,6
971,5,3
972,5,8
973,5,8
974,5,0
975,5,8
976,5,4
977,5,9
978,5,4
979,5,4
980,5,6
981,5,5
982,5,9
983,5,3
984,5,1
985,5,0
986,5,0
987,5,7
988,5,3
989,5,2
990,5,9
991,5,9
992,5,4
993,5,5
994,5,7
995,5,3
996,5,2
997,5,5
998,5,3
999,5,1
1000,5,6
1001,5,3
1002,5,2
1003,5,2
1004,5,5
1005,5,6
1006,5,6
1007,5,7
1008,5,3
1009,5,6
1010,5,1
1011,5,4
1012,5,0
1013,5,9
1014,5,8
1015,5,5
1016,5,1
1017,5,9
1018,5,1
1019,5,0
1020,5,2
1021,5,8
1022,5,7
1023,5,7
1024,5,0
1025,5,6
1026,5,3
1027,5,8
1028,5,7
1029,5,7
1030,5,1
1031,5,0
1032,5,7
1033,5,5
1034,5,1
1035,5,8
1036,5,6
1037,5,8
1038,5,2
1039,5,2
1040,5,2
1041,5,6
1042,5,5
1043,5,1
1044,5,1
1045,5,0
1046,5,1
1047,5,6
1048,5,5
1049,5,3
1050,5,6
1051,5,5
1052,5,4
1053,5,1
1054,5,4
1055,5,1
1056,5,2
1057,5,6
1058,5,1
1059,5,9
1060,5,8
1061,5,4
1062,5,1
1063,5,4
1064,5,1
1065,5,2
1066,5,4
1067,5,6
1068,5,0
1069,5,3
1070,5,9
1071,5,3
1072,5,2
1073,5,1
1074,5,3
1075,5,3
1076,5,9
1077,5,6
1078,5,4
1079,5,8
1080,5,4
1081,5,0
1082,5,3
1083,5,8
1084,5,9
1085,5,1
1086,5,3
1087,5,1
1088,5,2
1089,5,0
1090,5,2
1091,5,0
1092,5,0
1093,5,8
1094,5,6
1095,5,7
1096,5,8
1097,5,1
1098,5,5
1099,5,8
1100,5,8
1101,5,7
1102,5,8
1103,5,6
1104,5,1
1105,5,3
1106,5,8
1107,5,7
1108,5,8
1109,5,9
1110,5,0
1111,5,8
1112,5,9
1113,5,4
1114,5,0
1115,5,1
1116,5,0
1117,5,1
1118,5,2
1119,5,8
1120,5,4
1121,5,2
1122,5,0
1123,5,3
1124,5,1
1125,5,7
1126,5,5
1127,5,3
1128,5,8
1129,5,5
1130,5,0
1131,5,5
1132,5,1
1133,5,8
1134,5,1
1135,5,1
1136,5,4
1137,5,1
1138,5,2
1139,5,4
1140,5,0
1141,5,5
1142,5,3
1143,5,8
1144,5,7
1145,5,3
1146,5,2
1147,5,8
1148,5,2
1149,5,3
1150,5,6
1151,5,8
1152,5,6
1153,5,2
1154,5,5
1155,5,9
1156,5,3
1157,5,8
1158,5,2
1159,5,1
1160,5,4
1161,5,5
1162,5,0
1163,5,4
1164,5,8
1165,5,6
1166,5,0
1167,5,4
1168,5,3
1169,5,5
1170,5,5
1171,5,3
1172,5,0
1173,5,1
1174,5,6
1175,5,6
1176,5,6
1177,5,0
1178,5,9
1179,5,4
1180,5,3
1181,5,3
1182,5,1
1183,5,5
1184,5,3
1185,5,2
1186,5,6
1187,5,6
1188,5,6
1189,5,7
1190,5,0
1191,5,0
1192,5,3
1193,5,0
1194,5,0
1195,5,0
1196,5,9
1197,5,8
1198,5,4
1199,5,3
1200,5,5
1201,5,6
1202,5,1
1203,5,0
1204,5,3
1205,5,5
1206,5,6
1207,5,2
1208,5,9
1209,5,1
1210,5,2
1211,5,1
1212,5,8
1213,5,0
1214,5,3
1215,5,0
1216,5,8
1217,5,0
1218,5,0
1219,5,0
1220,5,6
1221,5,4
1222,5,8
1223,5,6
1224,5,3
1225,5,7
1226,5,0
1227,5,3
1228,5,0
1229,5,3
1230,5,5
1231,5,3
1232,5,3
1233,5,8
1234,5,7
1235,5,9
1236,5,3
1237,5,3
1238,5,3
1239,5,0
1240,5,7
1241,5,2
1242,5,8
1243,5,1
1244,5,0
1245,5,8
1246,5,3
1247,5,0
1248,5,6
1249,5,1
1250,5,5
1251,5,0
1252,5,1
1253,5,2
1254,5,8
1255,5,3
1256,5,0
1257,5,2
1258,5,4
1259,5,3
1260,5,6
1261,5,1
1262,5,9
1263,5,1
1264,5,2
1265,5,0
1266,5,8
1267,5,4
1268,5,2
1269,5,1
1270,5,5
1271,5,6
1272,5,7
1273,5,1
1274,5,9
1275,5,9
1276,5,2
1277,5,3
1278,5,5
1279,5,7
1280,5,3
1281,5,3
1282,5,8
1283,5,5
1284,5,2
1285,5,3
1286,5,0
1287,5,0
1288,5,6
1289,5,7
1290,5,0
1291,5,8
1292,5,2
1293,5,1
1294,5,4
1295,5,1
1296,5,0
1297,5,6
1298,5,6
1299,5,3
1300,5,3
1301,5,4
1302,5,9
1303,5,1
1304,5,3
1305,5,3
1306,5,1
1307,5,8
1308,5,0
1309,5,8
1310,5,0
1311,5,5
1312,5,9
1313,5,7
1314,5,5
1315,5,0
1316,5,0
1317,5,4
1318,5,7
1319,5,5
1320,5,8
1321,5,0
1322,5,0
1323,5,8
1324,5,5
1325,5,7
1326,5,4
1327,5,7
1328,5,8
1329,5,7
1330,5,0
1331,5,5
1332,5,5
1333,5,8
1334,5,7
1335,5,1
1336,5,9
1337,5,6
1338,5,3
1339,5,0
1340,5,4
1341,5,7
1342,5,8
1343,5,2
1344,5,4
1345,5,8
1346,5,5
1347,5,4
1348,5,7
1349,5,8
1350,5,3
1351,5,3
1352,5,2
1353,5,0
1354,5,1
1355,5,0
1356,5,4
1357,5,3
1358,5,8
1359,5,3
1360,5,1
1361,5,2
1362,5,3
1363,5,6
1364,5,6
1365,5,6
1366,5,8
1367,5,2
1368,5,8
1369,5,4
1370,5,1
1371,5,7
1372,5,0
1373,5,8
1374,5,1
1375,5,8
1376,5,9
1377,5,0
1378,5,6
1379,5,3
1380,5,1
1381,5,6
1382,5,6
1383,5,0
1384,5,3
1385,5,1
1386,5,6
1387,5,0
1388,5,1
1389,5,1
1390,5,7
1391,5,7
1392,5,1
1393,5,6
1394,5,4
1395,5,0
1396,5,2
1397,5,0
1398,5,8
1399,5,2
1400,5,7
1401,5,5
1402,5,3
1403,5,9
1404,5,0
1405,5,9
1406,5,4
1407,5,1
1408,5,7
1409,5,0
1410,5,4
1411,5,2
1412,5,3
1413,5,5
1414,5,8
1415,5,7
1416,5,5
1417,5,2
1418,5,0
1419,5,0
1420,5,3
1421,5,8
1422,5,5
1423,5,7
1424,5,8
1425,5,5
1426,5,2
1427,5,4
1428,5,3
1429,5,0
1430,5,3
1431,5,6
1432,5,3
1433,5,3
1434,5,6
1435,5,4
1436,5,1
1437,5,2
1438,5,6
1439,5,0
1440,5,6
1441,5,9
1442,5,8
1443,5,9
1444,5,3
1445,5,6
1446,5,9
1447,5,0
1448,5,9
1449,5,7
1450,5,2
1451,5,8
1452,5,8
1453,5,9
1454,5,7
1455,5,9
1456,5,5
1457,5,9
1458,5,7
1459,5,1
1460,5,1
1461,5,6
1462,5,9
1463,5,9
1464,5,3
1465,5,5
1466,5,8
1467,5,8
1468,5,6
1469,5,1
1470,5,8
1471,5,2
1472,5,1
1473,5,9
1474,5,3
1475,5,1
1476,5,4
1477,5,3
1478,5,5
1479,5,3
1480,5,9
1481,5,9
1482,5,3
1483,5,1
1484,5,2
1485,5,6
1486,5,7
1487,5,3
1488,5,0
1489,5,1
1490,5,0
1491,5,8
1492,5,0
1493,5,8
1494,5,8
1495,5,6
1496,5,8
1497,5,6
1498,5,2
1499,5,1
1500,5,6
1501,5,4
1502,5,5
1503,5,4
1504,5,6
1505,5,0
1506,5,6
1507,5,3
1508,5,0
1509,5,6
1510,5,7
1511,5,3
1512,5,3
1513,5,7
1514,5,9
1515,5,1
1516,5,2
1517,5,1
1518,5,0
1519,5,3
1520,5,6
1521,5,4
1522,5,3
1523,5,9
1524,5,1
1525,5,2
1526,5,1
1527,5,2
1528,5,0
1529,5,2
1530,5,0
1531,5,1
1532,5,6
1533,5,7
1534,5,2
1535,5,7
1536,5,5
1537,5,2
1538,5,2
1539,5,5
1540,5,9
1541,5,1
1542,5,3
1543,5,0
1544,5,6
1545,5,2
1546,5,1
1547,5,9
1548,5,6
1549,5,4
1550,5,6
1551,5,4
1552,5,8
1553,5,1
1554,5,6
1555,5,9
1556,5,4
1557,5,3
1558,5,9
1559,5,9
1560,5,6
1561,5,2
1562,5,4
1563,5,4
1564,5,9
1565,5,9
1566,5,9
1567,5,0
1568,5,0
1569,5,3
1570,5,4
1571,5,9
1572,5,3
1573,5,3
1574,5,4
1575,5,6
1576,5,8
1577,5,5
1578,5,3
1579,5,9
1580,5,6
1581,5,0
1582,5,8
1583,5,4
1584,5,1
1585,5,6
1586,5,2
1587,5,9
1588,5,0
1589,5,5
1590,5,8
1591,5,1
1592,5,8
1593,5,5
1594,5,2
1595,5,2
1596,5,2
1597,5,1
1598,5,2
1599,5,3
1600,5,9
1601,5,2
1602,5,2
1603,5,9
1604,5,6
1605,5,2
1606,5,4
1607,5,7
1608,5,9
1609,5,5
1610,5,0
1611,5,0
1612,5,9
1613,5,6
1614,5,8
1615,5,3
1616,5,5
1617,5,3
1618,5,0
1619,5,0
1620,5,0
1621,5,6
1622,5,8
1623,5,1
1624,5,0
1625,5,2
1626,5,0
1627,5,6
1628,5,3
1629,5,2
1630,5,2
1631,5,9
1632,5,6
1633,5,0
1634,5,6
1635,5,3
1636,5,8
1637,5,0
1638,5,7
1639,5,3
1640,5,8
1641,5,3
1642,5,3
1643,5,7
1644,5,1
1645,5,4
1646,5,3
1647,5,0
1648,5,0
1649,5,1
1650,5,5
1651,5,6
1652,5,2
1653,5,8
1654,5,2
1655,5,4
1656,5,2
1657,5,0
1658,5,4
1659,5,6
1660,5,3
1661,5,1
1662,5,0
1663,5,8
1664,5,2
1665,5,6
1666,5,2
1667,5,6
1668,5,8
1669,5,3
1670,5,6
1671,5,6
1672,5,4
1673,5,1
1674,5,1
1675,5,3
1676,5,9
1677,5,3
1678,5,2
1679,5,6
1680,5,6
1681,5,3
1682,5,2
1683,5,0
1684,5,1
1685,5,0
1686,5,9
1687,5,6
1688,5,5
1689,5,0
1690,5,1
1691,5,4
1692,5,7
1693,5,6
1694,5,1
1695,5,1
1696,5,3
1697,5,6
1698,5,8
1699,5,2
1700,5,6
1701,5,3
1702,5,8
1703,5,8
1704,5,6
1705,5,4
1706,5,1
1707,5,1
1708,5,0
1709,5,1
1710,5,8
1711,5,2
1712,5,1
1713,5,7
1714,5,0
1715,5,0
1716,5,0
1717,5,6
1718,5,0
1719,5,5
1720,5,4
1721,5,3
1722,5,6
1723,5,4
1724,5,0
1725,5,4
1726,5,2
1727,5,2
1728,5,9
1729,5,4
1730,5,4
1731,5,1
1732,5,4
1733,5,8
1734,5,4
1735,5,6
1736,5,2
1737,5,3
1738,5,4
1739,5,2
1740,5,3
1741,5,4
1742,5,3
1743,5,1
1744,5,8
1745,5,0
1746,5,2
1747,5,3
1748,5,4
1749,5,6
1750,5,1
1751,5,1
1752,5,8
1753,5,6
1754,5,2
1755,5,4
1756,5,9
1757,5,2
1758,5,0
1759,5,0
1760,5,8
1761,5,2
1762,5,2
1763,5,3
1764,5,7
1765,5,8
1766,5,5
1767,5,9
1768,5,8
1769,5,6
1770,5,3
1771,5,6
1772,5,4
1773,5,2
1774,5,1
1775,5,3
1776,5,9
1777,5,4
1778,5,1
1779,5,0
1780,5,0
1781,5,3
1782,5,2
1783,5,6
1784,5,3
1785,5,2
1786,5,2
1787,5,2
1788,5,3
1789,5,9
1790,5,7
1791,5,5
1792,5,3
1793,5,1
1794,5,2
1795,5,2
1796,5,4
1797,5,4
1798,5,1
1799,5,3
1800,5,7
1801,5,0
1802,5,1
1803,5,0
1804,5,5
1805,5,0
1806,5,9
1807,5,9
1808,5,8
1809,5,0
1810,5,5
1811,5,0
1812,5,5
1813,5,7
1814,5,9
1815,5,6
1816,5,1
1817,5,7
1818,5,9
1819,5,3
1820,5,1
1821,5,0
1822,5,5
1823,5,3
1824,5,8
1825,5,2
1826,5,2
1827,5,2
1828,5,4
1829,5,9
1830,5,3
1831,5,9
1832,5,4
1833,5,5
1834,5,3
1835,5,4
1836,5,5
1837,5,6
1838,5,8
1839,5,7
1840,5,4
1841,5,2
1842,5,2
1843,5,8
1844,5,2
1845,5,6
1846,5,6
1847,5,1
1848,5,0
1849,5,2
1850,5,7
1851,5,5
1852,5,0
1853,5,4
1854,5,2
1855,5,5
1856,5,6
1857,5,1
1858,5,6
1859,5,5
1860,5,2
1861,5,6
1862,5,4
1863,5,6
1864,5,6
1865,5,6
1866,5,4
1867,5,0
1868,5,5
1869,5,8
1870,5,6
1871,5,4
1872,5,1
1873,5,5
1874,5,3
1875,5,8
1876,5,6
1877,5,1
1878,5,8
1879,5,3
1880,5,5
1881,5,8
1882,5,8
1883,5,2
1884,5,4
1885,5,9
1886,5,9
1887,5,8
1888,5,5
1889,5,5
1890,5,2
1891,5,1
1892,5,3
1893,5,1
1894,5,0
1895,5,6
1896,5,2
1897,5,2
1898,5,0
1899,5,3
1900,5,6
1901,5,2
1902,5,7
1903,5,8
1904,5,0
1905,5,2
1906,5,1
1907,5,3
1908,5,4
1909,5,1
1910,5,3
1911,5,3
1912,5,3
1913,5,8
1914,5,5
1915,5,3
1916,5,6
1917,5,9
1918,5,4
1919,5,3
1920,5,3
1921,5,2
1922,5,7
1923,5,5
1924,5,5
1925,5,9
1926,5,3
1927,5,0
1928,5,2
1929,5,3
1930,5,6
1931,5,8
1932,5,3
1933,5,5
1934,5,8
1935,5,9
1936,5,6
1937,5,3
1938,5,8
1939,5,4
1940,5,8
1941,5,2
1942,5,2
1943,5,9
1944,5,2
1945,5,8
1946,5,3
1947,5,8
1948,5,9
1949,5,5
1950,5,6
1951,5,9
1952,5,0
1953,5,6
1954,5,4
1955,5,4
1956,5,3
1957,5,9
1958,5,3
1959,5,6
1960,5,4
1961,5,2
1962,5,1
1963,5,2
1964,5,0
1965,5,0
1966,5,3
1967,5,5
1968,5,3
1969,5,6
1970,5,2
1971,5,7
1972,5,0
1973,5,1
1974,5,8
1975,5,7
1976,5,6
1977,5,1
1978,5,0
1979,5,9
1980,5,3
1981,5,4
1982,5,6
1983,5,3
1984,5,4
1985,5,4
1986,5,1
1987,5,2
1988,5,1
1989,5,2
1990,5,2
1991,5,5
1992,5,2
1993,5,2
1994,5,0
1995,5,4
1996,5,2
1997,5,3
1998,5,2
1999,5,4
2000,5,1
2001,5,1
2002,5,8
2003,5,0
2004,5,6
2005,5,3
2006,5,2
2007,5,1
2008,5,1
2009,5,1
2010,5,8
2011,5,3
2012,5,6
2013,5,3
2014,5,4
2015,5,3
2016,5,5
2017,5,9
2018,5,1
2019,5,2
2020,5,6
2021,5,0
2022,5,8
2023,5,4
2024,5,1
2025,5,8
2026,5,9
2027,5,3
2028,5,6
2029,5,1
2030,5,9
2031,5,2
2032,5,6
2033,5,2
2034,5,4
2035,5,3
2036,5,3
2037,5,5
2038,5,7
2039,5,9
2040,5,2
2041,5,3
2042,5,3
2043,5,3
2044,5,2
2045,5,8
2046,5,3
2047,5,8
2048,5,5
2049,5,2
2050,5,6
2051,5,2
2052,5,7
2053,5,7
2054,5,3
2055,5,3
2056,5,6
2057,5,6
2058,5,0
2059,5,8
2060,5,5
2061,5,3
2062,5,2
2063,5,0
2064,5,3
2065,5,8
2066,5,2
2067,5,9
2068,5,6
2069,5,4
2070,5,3
2071,5,3
2072,5,4
2073,5,6
2074,5,3
2075,5,0
2076,5,5
2077,5,8
2078,5,7
2079,5,8
2080,5,8
2081,5,3
2082,5,6
2083,5,9
2084,5,5
2085,5,0
2086,5,8
2087,5,1
2088,5,0
2089,5,5
2090,5,1
2091,5,6
2092,5,0
2093,5,4
2094,5,8
2095,5,0
2096,5,2
2097,5,8
2098,5,9
2099,5,7
2100,5,5
2101,5,1
2102,5,2
2103,5,6
2104,5,8
2105,5,3
2106,5,9
2107,5,8
2108,5,1
2109,5,8
2110,5,6
2111,5,8
2112,5,3
2113,5,1
2114,5,7
2115,5,3
2116,5,2
2117,5,2
2118,5,8
2119,5,6
2120,5,2
2121,5,1
2122,5,5
2123,5,9
2124,5,6
2125,5,8
2126,5,6
2127,5,9
2128,5,1
2129,5,2
2130,5,3
2131,5,9
2132,5,0
2133,5,3
2134,5,4
2135,5,6
2136,5,7
2137,5,2
2138,5,1
2139,5,2
2140,5,6
2141,5,3
2142,5,5
2143,5,8
2144,5,4
2145,5,2
2146,5,8
2147,5,0
2148,5,5
2149,5,2
2150,5,1
2151,5,1
2152,5,2
2153,5,9
2154,5,9
2155,5,8
2156,5,2
2157,5,3
2158,5,1
2159,5,2
2160,5,9
2161,5,4
2162,5,0
2163,5,8
2164,5,8
2165,5,3
2166,5,2
2167,5,8
2168,5,3
2169,5,3
2170,5,0
2171,5,4
2172,5,6
2173,5,4
2174,5,6
2175,5,1
2176,5,6
2177,5,1
2178,5,6
2179,5,7
2180,5,4
2181,5,2
2182,5,4
2183,5,3
2184,5,2
2185,5,1
2186,5,7
2187,5,6
2188,5,3
2189,5,6
2190,5,5
2191,5,3
2192,5,8
2193,5,1
2194,5,8
2195,5,9
2196,5,0
2197,5,3
2198,5,0
2199,5,2
2200,5,9
2201,5,2
2202,5,7
2203,5,3
2204,5,0
2205,5,8
2206,5,9
2207,5,0
2208,5,3
2209,5,8
2210,5,2
2211,5,0
2212,5,3
2213,5,4
2214,5,2
2215,5,1
2216,5,6
2217,5,0
2218,5,7
2219,5,7
2220,5,7
2221,5,4
2222,5,4
2223,5,0
2224,5,6
2225,5,0
2226,5,2
2227,5,3
2228,5,0
2229,5,3
2230,5,6
2231,5,3
2232,5,0
2233,5,9
2234,5,6
2235,5,2
2236,5,1
2237,5,7
2238,5,3
2239,5,4
2240,5,7
2241,5,3
2242,5,8
2243,5,9
2244,5,4
2245,5,6
2246,5,8
2247,5,7
2248,5,3
2249,5,0
2250,5,1
2251,5,6
2252,5,8
2253,5,0
2254,5,1
2255,5,6
2256,5,1
2257,5,3
2258,5,0
2259,5,4
2260,5,1
2261,5,5
2262,5,7
2263,5,3
2264,5,7
2265,5,9
2266,5,4
2267,5,3
2268,5,6
2269,5,2
2270,5,9
2271,5,5
2272,5,4
2273,5,2
2274,5,3
2275,5,0
2276,5,3
2277,5,5
2278,5,3
2279,5,2
2280,5,4
2281,5,3
2282,5,3
2283,5,0
2284,5,8
2285,5,7
2286,5,2
2287,5,0
2288,5,3
2289,5,7
2290,5,6
2291,5,5
2292,5,2
2293,5,3
2294,5,6
2295,5,4
2296,5,3
2297,5,1
2298,5,6
2299,5,9
2300,5,5
2301,5,3
2302,5,8
2303,5,2
2304,5,4
2305,5,2
2306,5,9
2307,5,1
2308,5,2
2309,5,2
2310,5,0
2311,5,8
2312,5,8
2313,5,3
2314,5,2
2315,5,5
2316,5,8
2317,5,7
2318,5,3
2319,5,0
2320,5,3
2321,5,4
2322,5,8
2323,5,7
2324,5,9
2325,5,3
2326,5,6
2327,5,2
2328,5,5
2329,5,3
2330,5,0
2331,5,4
2332,5,6
2333,5,2
2334,5,0
2335,5,3
2336,5,9
2337,5,7
2338,5,5
2339,5,2
2340,5,2
2341,5,3
2342,5,6
2343,5,0
2344,5,1
2345,5,2
2346,5,0
2347,5,2
2348,5,5
2349,5,2
2350,5,3
2351,5,2
2352,5,4
2353,5,0
2354,5,9
2355,5,0
2356,5,8
2357,5,9
2358,5,9
2359,5,0
2360,5,6
2361,5,6
2362,5,7
2363,5,1
2364,5,8
2365,5,1
2366,5,4
2367,5,3
2368,5,1
2369,5,0
2370,5,6
2371,5,6
2372,5,1
2373,5,7
2374,5,6
2375,5,1
2376,5,8
2377,5,7
2378,5,9
2379,5,1
2380,5,1
2381,5,1
2382,5,8
2383,5,4
2384,5,8
2385,5,0
2386,5,4
2387,5,7
2388,5,2
2389,5,7
2390,5,3
2391,5,1
2392,5,2
2393,5,3
2394,5,5
2395,5,5
2396,5,6
2397,5,6
2398,5,4
2399,5,3
2400,5,6
2401,5,6
2402,5,6
2403,5,3
2404,5,9
2405,5,0
2406,5,1
2407,5,2
2408,5,1
2409,5,2
2410,5,7
2411,5,5
2412,5,3
2413,5,2
2414,5,0
2415,5,1
2416,5,6
2417,5,2
2418,5,8
2419,5,8
2420,5,2
2421,5,6
2422,5,3
2423,5,3
2424,5,6
2425,5,6
2426,5,6
2427,5,4
2428,5,0
2429,5,8
2430,5,6
2431,5,6
2432,5,9
2433,5,6
2434,5,9
2435,5,6
2436,5,2
2437,5,7
2438,5,1
2439,5,4
2440,5,5
2441,5,8
2442,5,6
2443,5,1
2444,5,6
2445,5,1
2446,5,6
2447,5,3
2448,5,7
2449,5,3
2450,5,2
2451,5,3
2452,5,3
2453,5,8
2454,5,3
2455,5,2
2456,5,5
2457,5,8
2458,5,8
2459,5,4
2460,5,6
2461,5,8
2462,5,3
2463,5,2
2464,5,0
2465,5,3
2466,5,8
2467,5,3
2468,5,7
2469,5,8
2470,5,8
2471,5,1
2472,5,9
2473,5,3
2474,5,8
2475,5,0
2476,5,5
2477,5,4
2478,5,6
2479,5,8
2480,5,1
2481,5,2
2482,5,3
2483,5,0
2484,5,1
2485,5,0
2486,5,6
2487,5,5
2488,5,4
2489,5,1
2490,5,1
2491,5,6
2492,5,5
2493,5,3
2494,5,2
2495,5,4
2496,5,7
2497,5,2
2498,5,1
2499,5,5
2500,5,1
2501,5,0
2502,5,4
2503,5,1
2504,5,1
2505,5,4
2506,5,9
2507,5,5
2508,5,1
2509,5,5
2510,5,1
2511,5,0
2512,5,6
2513,5,1
2514,5,3
2515,5,3
2516,5,2
2517,5,5
2518,5,2
2519,5,5
2520,5,3
2521,5,0
2522,5,0
2523,5,5
2524,5,4
2525,5,5
2526,5,1
2527,5,3
2528,5,8
2529,5,0
2530,5,7
2531,5,6
2532,5,3
2533,5,6
2534,5,7
2535,5,6
2536,5,2
2537,5,2
2538,5,0
2539,5,1
2540,5,2
2541,5,3
2542,5,2
2543,5,3
2544,5,1
2545,5,7
2546,5,6
2547,5,8
2548,5,6
2549,5,0
2550,5,3
2551,5,4
2552,5,6
2553,5,1
2554,5,1
2555,5,6
2556,5,3
2557,5,1
2558,5,0
2559,5,3
2560,5,1
2561,5,3
2562,5,1
2563,5,2
2564,5,8
2565,5,2
2566,5,0
2567,5,3
2568,5,4
2569,5,1
2570,5,1
2571,5,6
2572,5,3
2573,5,5
2574,5,4
2575,5,2
2576,5,0
2577,5,1
2578,5,5
2579,5,6
2580,5,6
2581,5,9
2582,5,3
2583,5,6
2584,5,5
2585,5,2
2586,5,4
2587,5,8
2588,5,5
2589,5,1
2590,5,1
2591,5,4
2592,5,2
2593,5,3
2594,5,8
2595,5,2
2596,5,3
2597,5,5
2598,5,9
2599,5,2
2600,5,4
2601,5,8
2602,5,1
2603,5,3
2604,5,4
2605,5,6
2606,5,4
2607,5,1
2608,5,3
2609,5,1
2610,5,3
2611,5,7
2612,5,8
2613,5,1
2614,5,5
2615,5,6
2616,5,2
2617,5,0
2618,5,1
2619,5,4
2620,5,0
2621,5,3
2622,5,6
2623,5,6
2624,5,8
2625,5,6
2626,5,3
2627,5,8
2628,5,8
2629,5,2
2630,5,4
2631,5,6
2632,5,8
2633,5,7
2634,5,6
2635,5,8
2636,5,4
2637,5,3
2638,5,8
2639,5,7
2640,5,1
2641,5,1
2642,5,3
2643,5,9
2644,5,1
2645,5,2
2646,5,2
2647,5,2
2648,5,2
2649,5,1
2650,5,4
2651,5,4
2652,5,6
2653,5,0
2654,5,3
2655,5,5
2656,5,5
2657,5,3
2658,5,5
2659,5,3
2660,5,0
2661,5,2
2662,5,3
2663,5,3
2664,5,2
2665,5,3
2666,5,5
2667,5,5
2668,5,7
2669,5,3
2670,5,4
2671,5,1
2672,5,6
2673,5,0
2674,5,0
2675,5,1
2676,5,3
2677,5,3
2678,5,6
2679,5,9
2680,5,1
2681,5,2
2682,5,2
2683,5,3
2684,5,9
2685,5,3
2686,5,4
2687,5,4
2688,5,7
2689,5,3
2690,5,6
2691,5,7
2692,5,5
2693,5,2
2694,5,1
2695,5,1
2696,5,6
2697,5,5
2698,5,1
2699,5,3
2700,5,4
2701,5,3
2702,5,6
2703,5,3
2704,5,2
2705,5,3
2706,5,3
2707,5,8
2708,5,1
2709,5,7
2710,5,6
2711,5,6
2712,5,0
2713,5,1
2714,5,0
2715,5,0
2716,5,4
2717,5,6
2718,5,3
2719,5,0
2720,5,6
2721,5,9
2722,5,8
2723,5,1
2724,5,0
2725,5,2
2726,5,2
2727,5,7
2728,5,8
2729,5,9
2730,5,2
2731,5,4
2732,5,6
2733,5,5
2734,5,8
2735,5,3
2736,5,1
2737,5,5
2738,5,4
2739,5,6
2740,5,0
2741,5,7
2742,5,7
2743,5,7
2744,5,6
2745,5,8
2746,5,0
2747,5,5
2748,5,3
2749,5,8
2750,5,8
2751,5,3
2752,5,1
2753,5,3
2754,5,3
2755,5,6
2756,5,6
2757,5,5
2758,5,0
2759,5,5
2760,5,6
2761,5,8
2762,5,5
2763,5,1
2764,5,2
2765,5,0
2766,5,0
2767,5,1
2768,5,0
2769,5,2
2770,5,9
2771,5,1
2772,5,6
2773,5,7
2774,5,0
2775,5,8
2776,5,7
2777,5,0
2778,5,1
2779,5,0
2780,5,6
2781,5,2
2782,5,8
2783,5,8
2784,5,1
2785,5,8
2786,5,0
2787,5,0
2788,5,0
2789,5,1
2790,5,1
2791,5,6
2792,5,6
2793,5,9
2794,5,0
2795,5,8
2796,5,3
2797,5,3
2798,5,2
2799,5,0
2800,5,7
2801,5,0
2802,5,3
2803,5,0
2804,5,0
2805,5,2
2806,5,3
2807,5,3
2808,5,3
2809,5,3
2810,5,3
2811,5,1
2812,5,4
2813,5,2
2814,5,7
2815,5,0
2816,5,6
2817,5,8
2818,5,5
2819,5,8
2820,5,1
2821,5,1
2822,5,8
2823,5,8
2824,5,0
2825,5,2
2826,5,6
2827,5,6
2828,5,9
2829,5,1
2830,5,5
2831,5,8
2832,5,2
2833,5,1
2834,5,2
2835,5,6
2836,5,9
2837,5,5
2838,5,1
2839,5,4
2840,5,0
2841,5,4
2842,5,2
2843,5,6
2844,5,6
2845,5,1
2846,5,0
2847,5,0
2848,5,4
2849,5,2
2850,5,8
2851,5,9
2852,5,9
2853,5,3
2854,5,2
2855,5,1
2856,5,8
2857,5,3
2858,5,6
2859,5,9
2860,5,0
2861,5,5
2862,5,2
2863,5,4
2864,5,0
2865,5,8
2866,5,8
2867,5,0
2868,5,3
2869,5,6
2870,5,4
2871,5,7
2872,5,7
2873,5,8
2874,5,1
2875,5,0
2876,5,8
2877,5,6
2878,5,8
2879,5,8
2880,5,2
2881,5,1
2882,5,8
2883,5,1
2884,5,5
2885,5,4
2886,5,2
2887,5,2
2888,5,3
2889,5,8
2890,5,8
2891,5,4
2892,5,5
2893,5,4
2894,5,5
2895,5,5
2896,5,3
2897,5,3
2898,5,1
2899,5,3
2900,5,5
2901,5,1
2902,5,4
2903,5,6
2904,5,2
2905,5,4
2906,5,5
2907,5,1
2908,5,8
2909,5,3
2910,5,2
2911,5,0
2912,5,4
2913,5,1
2914,5,0
2915,5,0
2916,5,5
2917,5,3
2918,5,6
2919,5,2
2920,5,6
2921,5,2
2922,5,7
2923,5,8
2924,5,5
2925,5,6
2926,5,3
2927,5,1
2928,5,5
2929,5,2
2930,5,1
2931,5,3
2932,5,1
2933,5,5
2934,5,2
2935,5,3
2936,5,3
2937,5,8
2938,5,0
2939,5,2
2940,5,5
2941,5,6
2942,5,1
2943,5,1
2944,5,4
2945,5,8
2946,5,1
2947,5,8
2948,5,0
2949,5,2
2950,5,9
2951,5,1
2952,5,6
2953,5,6
2954,5,2
2955,5,0
2956,5,1
2957,5,6
2958,5,2
2959,5,8
2960,5,8
2961,5,1
2962,5,5
2963,5,3
2964,5,4
2965,5,3
2966,5,0
2967,5,4
2968,5,1
2969,5,1
2970,5,3
2971,5,3
2972,5,1
2973,5,8
2974,5,3
2975,5,6
2976,5,0
2977,5,4
2978,5,4
2979,5,2
2980,5,4
2981,5,6
2982,5,0
2983,5,3
2984,5,6
2985,5,6
2986,5,1
2987,5,6
2988,5,1
2989,5,3
2990,5,6
2991,5,0
2992,5,1
2993,5,3
2994,5,7
2995,5,5
2996,5,2
2997,5,4
2998,5,2
2999,5,7
3000,5,8
3001,5,0
3002,5,1
3003,5,9
3004,5,7
3005,5,5
3006,5,0
3007,5,4
3008,5,2
3009,5,8
3010,5,2
3011,5,6
3012,5,2
3013,5,6
3014,5,2
3015,5,8
3016,5,3
3017,5,2
3018,5,7
3019,5,6
3020,5,6
3021,5,9
3022,5,5
3023,5,3
3024,5,1
3025,5,3
3026,5,6
3027,5,2
3028,5,7
3029,5,5
3030,5,3
3031,5,6
3032,5,0
3033,5,2
3034,5,0
3035,5,3
3036,5,4
3037,5,6
3038,5,0
3039,5,8
3040,5,3
3041,5,1
3042,5,2
3043,5,0
3044,5,6
3045,5,8
3046,5,1
3047,5,2
3048,5,3
3049,5,9
3050,5,1
3051,5,7
3052,5,3
3053,5,0
3054,5,3
3055,5,2
3056,5,9
3057,5,8
3058,5,4
3059,5,3
3060,5,8
3061,5,8
3062,5,8
3063,5,0
3064,5,5
3065,5,1
3066,5,0
3067,5,7
3068,5,2
3069,5,2
3070,5,0
3071,5,1
3072,5,2
3073,5,7
3074,5,2
3075,5,9
3076,5,3
3077,5,2
3078,5,0
3079,5,0
3080,5,8
3081,5,8
3082,5,4
3083,5,3
3084,5,8
3085,5,3
3086,5,1
3087,5,6
3088,5,2
3089,5,8
3090,5,2
3091,5,5
3092,5,1
3093,5,6
3094,5,9
3095,5,6
3096,5,3
3097,5,3
3098,5,8
3099,5,9
3100,5,0
3101,5,7
3102,5,7
3103,5,5
3104,5,0
3105,5,4
3106,5,3
3107,5,0
3108,5,8
3109,5,9
3110,5,0
3111,5,4
3112,5,9
3113,5,1
3114,5,8
3115,5,3
3116,5,3
3117,5,0
3118,5,1
3119,5,5
3120,5,1
3121,5,9
3122,5,5
3123,5,6
3124,5,1
3125,5,9
3126,5,2
3127,5,1
3128,5,5
3129,5,3
3130,5,1
3131,5,8
3132,5,7
3133,5,1
3134,5,9
3135,5,6
3136,5,3
3137,5,6
3138,5,9
3139,5,9
3140,5,3
3141,5,2
3142,5,2
3143,5,0
3144,5,8
3145,5,8
3146,5,2
3147,5,1
3148,5,1
3149,5,4
3150,5,0
3151,5,8
3152,5,9
3153,5,9
3154,5,8
3155,5,3
3156,5,9
3157,5,1
3158,5,3
3159,5,8
3160,5,1
3161,5,6
3162,5,2
3163,5,8
3164,5,5
3165,5,4
3166,5,3
3167,5,3
3168,5,2
3169,5,3
3170,5,5
3171,5,0
3172,5,2
3173,5,3
3174,5,6
3175,5,7
3176,5,8
3177,5,6
3178,5,9
3179,5,4
3180,5,0
3181,5,1
3182,5,3
3183,5,8
3184,5,3
3185,5,4
3186,5,9
3187,5,3
3188,5,4
3189,5,6
3190,5,2
3191,5,0
3192,5,1
3193,5,0
3194,5,8
3195,5,1
3196,5,5
3197,5,3
3198,5,2
3199,5,7
3200,5,3
3201,5,8
3202,5,3
3203,5,0
3204,5,9
3205,5,6
3206,5,2
3207,5,1
3208,5,9
3209,5,9
3210,5,6
3211,5,7
3212,5,2
3213,5,0
3214,5,3
3215,5,3
3216,5,0
3217,5,6
3218,5,8
3219,5,5
3220,5,9
3221,5,5
3222,5,8
3223,5,3
3224,5,3
3225,5,1
3226,5,2
3227,5,3
3228,5,5
3229,5,8
3230,5,1
3231,5,0
3232,5,3
3233,5,3
3234,5,0
3235,5,0
3236,5,8
3237,5,0
3238,5,0
3239,5,0
3240,5,2
3241,5,3
3242,5,1
3243,5,8
3244,5,1
3245,5,3
3246,5,7
3247,5,5
3248,5,2
3249,5,1
3250,5,2
3251,5,9
3252,5,1
3253,5,5
3254,5,1
3255,5,3
3256,5,5
3257,5,3
3258,5,9
3259,5,6
3260,5,4
3261,5,6
3262,5,7
3263,5,1
3264,5,1
3265,5,2
3266,5,5
3267,5,4
3268,5,8
3269,5,1
3270,5,1
3271,5,2
3272,5,6
3273,5,6
3274,5,2
3275,5,8
3276,5,9
3277,5,0
3278,5,0
3279,5,6
3280,5,3
3281,5,6
3282,5,8
3283,5,0
3284,5,3
3285,5,0
3286,5,6
3287,5,4
3288,5,2
3289,5,8
3290,5,7
3291,5,2
3292,5,1
3293,5,3
3294,5,0
3295,5,5
3296,5,4
3297,5,3
3298,5,3
3299,5,4
3300,5,0
3301,5,9
3302,5,6
3303,5,3
3304,5,4
3305,5,5
3306,5,3
3307,5,4
3308,5,0
3309,5,4
3310,5,6
3311,5,0
3312,5,8
3313,5,0
3314,5,6
3315,5,2
3316,5,7
3317,5,2
3318,5,0
3319,5,2
3320,5,5
3321,5,3
3322,5,2
3323,5,9
3324,5,6
3325,5,0
3326,5,7
3327,5,8
3328,5,8
3329,5,8
3330,5,4
3331,5,2
3332,5,2
3333,5,1
3334,5,0
3335,5,0
3336,5,5
3337,5,0
3338,5,3
3339,5,9
3340,5,8
3341,5,9
3342,5,3
3343,5,5
3344,5,7
3345,5,7
3346,5,2
3347,5,9
3348,5,8
3349,5,3
3350,5,3
3351,5,0
3352,5,5
3353,5,3
3354,5,9
3355,5,2
3356,5,0
3357,5,6
3358,5,2
3359,5,3
3360,5,2
3361,5,4
3362,5,7
3363,5,7
3364,5,2
3365,5,1
3366,5,6
3367,5,4
3368,5,0
3369,5,5
3370,5,1
3371,5,9
3372,5,7
3373,5,8
3374,5,7
3375,5,0
3376,5,6
3377,5,1
3378,5,1
3379,5,7
3380,5,0
3381,5,1
3382,5,0
3383,5,0
3384,5,1
3385,5,3
3386,5,3
3387,5,9
3388,5,6
3389,5,1
3390,5,6
3391,5,8
3392,5,1
3393,5,6
3394,5,9
3395,5,9
3396,5,5
3397,5,4
3398,5,6
3399,5,2
3400,5,8
3401,5,9
3402,5,3
3403,5,4
3404,5,4
3405,5,0
3406,5,3
3407,5,3
3408,5,6
3409,5,2
3410,5,5
3411,5,8
3412,5,0
3413,5,1
3414,5,7
3415,5,3
3416,5,8
3417,5,4
3418,5,1
3419,5,6
3420,5,1
3421,5,0
3422,5,4
3423,5,6
3424,5,1
3425,5,7
3426,5,0
3427,5,2
3428,5,3
3429,5,7
3430,5,0
3431,5,9
3432,5,7
3433,5,7
3434,5,2
3435,5,8
3436,5,9
3437,5,8
3438,5,7
3439,5,0
3440,5,3
3441,5,0
3442,5,3
3443,5,2
3444,5,4
3445,5,0
3446,5,0
3447,5,0
3448,5,6
3449,5,9
3450,5,3
3451,5,3
3452,5,9
3453,5,4
3454,5,5
3455,5,7
3456,5,7
3457,5,0
3458,5,5
3459,5,3
3460,5,3
3461,5,0
3462,5,8
3463,5,6
3464,5,0
3465,5,1
3466,5,7
3467,5,6
3468,5,5
3469,5,6
3470,5,0
3471,5,3
3472,5,1
3473,5,2
3474,5,6
3475,5,2
3476,5,6
3477,5,4
3478,5,4
3479,5,2
3480,5,7
3481,5,0
3482,5,0
3483,5,1
3484,5,2
3485,5,2
3486,5,5
3487,5,0
3488,5,2
3489,5,7
3490,5,2
3491,5,6
3492,5,0
3493,5,0
3494,5,7
3495,5,4
3496,5,0
3497,5,1
3498,5,9
3499,5,8
3500,5,5
3501,5,6
3502,5,2
3503,5,1
3504,5,6
3505,5,1
3506,5,8
3507,5,3
3508,5,8
3509,5,5
3510,5,3
3511,5,3
3512,5,8
3513,5,8
3514,5,2
3515,5,4
3516,5,6
3517,5,7
3518,5,3
3519,5,3
3520,5,8
3521,5,3
3522,5,6
3523,5,2
3524,5,1
3525,5,6
3526,5,8
3527,5,2
3528,5,3
3529,5,4
3530,5,8
3531,5,4
3532,5,6
3533,5,0
3534,5,7
3535,5,5
3536,5,3
3537,5,8
3538,5,1
3539,5,8
3540,5,5
3541,5,8
3542,5,5
3543,5,7
3544,5,1
3545,5,0
3546,5,4
3547,5,9
3548,5,1
3549,5,6
3550,5,6
3551,5,3
3552,5,0
3553,5,1
3554,5,1
3555,5,1
3556,5,1
3557,5,1
3558,5,6
3559,5,3
3560,5,6
3561,5,0
3562,5,7
3563,5,1
3564,5,1
3565,5,8
3566,5,6
3567,5,0
3568,5,3
3569,5,2
3570,5,4
3571,5,0
3572,5,1
3573,5,1
3574,5,3
3575,5,4
3576,5,4
3577,5,7
3578,5,0
3579,5,8
3580,5,8
3581,5,3
3582,5,9
3583,5,1
3584,5,0
3585,5,0
3586,5,3
3587,5,2
3588,5,2
3589,5,3
3590,5,6
3591,5,0
3592,5,4
3593,5,1
3594,5,0
3595,5,1
3596,5,9
3597,5,6
3598,5,2
3599,5,2
3600,5,8
3601,5,6
3602,5,1
3603,5,9
3604,5,6
3605,5,1
3606,5,9
3607,5,4
3608,5,2
3609,5,2
3610,5,9
3611,5,8
3612,5,6
3613,5,4
3614,5,6
3615,5,4
3616,5,6
3617,5,3
3618,5,3
3619,5,2
3620,5,2
3621,5,9
3622,5,5
3623,5,2
3624,5,0
3625,5,3
3626,5,6
3627,5,3
3628,5,8
3629,5,7
3630,5,3
3631,5,6
3632,5,3
3633,5,3
3634,5,7
3635,5,0
3636,5,2
3637,5,5
3638,5,1
3639,5,3
3640,5,3
3641,5,4
3642,5,1
3643,5,6
3644,5,8
3645,5,0
3646,5,3
3647,5,3
3648,5,3
3649,5,1
3650,5,9
3651,5,1
3652,5,2
3653,5,4
3654,5,8
3655,5,4
3656,5,2
3657,5,6
3658,5,1
3659,5,5
3660,5,5
3661,5,3
3662,5,2
3663,5,2
3664,5,8
3665,5,2
3666,5,5
3667,5,6
3668,5,7
3669,5,0
3670,5,6
3671,5,6
3672,5,9
3673,5,7
3674,5,1
3675,5,3
3676,5,6
3677,5,6
3678,5,1
3679,5,2
3680,5,9
3681,5,1
3682,5,1
3683,5,1
3684,5,9
3685,5,5
3686,5,3
3687,5,5
3688,5,3
3689,5,8
3690,5,7
3691,5,2
3692,5,8
3693,5,0
3694,5,8
3695,5,6
3696,5,4
3697,5,9
3698,5,4
3699,5,0
3700,5,8
3701,5,0
3702,5,2
3703,5,2
3704,5,6
3705,5,2
3706,5,3
3707,5,8
3708,5,2
3709,5,6
3710,5,3
3711,5,3
3712,5,0
3713,5,8
3714,5,4
3715,5,8
3716,5,3
3717,5,0
3718,5,3
3719,5,5
3720,5,8
3721,5,6
3722,5,4
3723,5,6
3724,5,7
3725,5,2
3726,5,1
3727,5,4
3728,5,1
3729,5,1
3730,5,7
3731,5,8
3732,5,1
3733,5,6
3734,5,1
3735,5,4
3736,5,2
3737,5,3
3738,5,6
3739,5,1
3740,5,1
3741,5,8
3742,5,5
3743,5,8
3744,5,2
3745,5,7
3746,5,7
3747,5,5
3748,5,0
3749,5,3
3750,5,3
3751,5,3
3752,5,2
3753,5,3
3754,5,3
3755,5,9
3756,5,5
3757,5,3
3758,5,1
3759,5,2
3760,5,3
3761,5,1
3762,5,2
3763,5,0
3764,5,3
3765,5,2
3766,5,4
3767,5,3
3768,5,1
3769,5,1
3770,5,8
3771,5,1
3772,5,4
3773,5,0
3774,5,0
3775,5,4
3776,5,9
3777,5,1
3778,5,2
3779,5,6
3780,5,5
3781,5,6
3782,5,5
3783,5,2
3784,5,9
3785,5,2
3786,5,8
3787,5,6
3788,5,8
3789,5,0
3790,5,1
3791,5,0
3792,5,8
3793,5,7
3794,5,4
3795,5,8
3796,5,6
3797,5,0
3798,5,6
3799,5,3
3800,5,5
3801,5,3
3802,5,8
3803,5,2
3804,5,6
3805,5,3
3806,5,6
3807,5,7
3808,5,1
3809,5,7
3810,5,3
3811,5,0
3812,5,0
3813,5,3
3814,5,6
3815,5,4
3816,5,9
3817,5,1
3818,5,2
3819,5,0
3820,5,3
3821,5,2
3822,5,8
3823,5,9
3824,5,3
3825,5,3
3826,5,3
3827,5,6
3828,5,5
3829,5,0
3830,5,8
3831,5,7
3832,5,2
3833,5,7
3834,5,0
3835,5,2
3836,5,1
3837,5,3
3838,5,7
3839,5,3
3840,5,3
3841,5,9
3842,5,0
3843,5,9
3844,5,3
3845,5,3
3846,5,3
3847,5,0
3848,5,3
3849,5,5
3850,5,1
3851,5,3
3852,5,7
3853,5,1
3854,5,2
3855,5,2
3856,5,6
3857,5,7
3858,5,5
3859,5,6
3860,5,8
3861,5,9
3862,5,3
3863,5,0
3864,5,2
3865,5,9
3866,5,1
3867,5,8
3868,5,0
3869,5,5
3870,5,6
3871,5,0
3872,5,7
3873,5,2
3874,5,8
3875,5,2
3876,5,8
3877,5,1
3878,5,8
3879,5,4
3880,5,6
3881,5,1
3882,5,7
3883,5,1
3884,5,0
3885,5,6
3886,5,3
3887,5,7
3888,5,9
3889,5,8
3890,5,6
3891,5,1
3892,5,2
3893,5,3
3894,5,4
3895,5,3
3896,5,4
3897,5,5
3898,5,2
3899,5,3
3900,5,0
3901,5,9
3902,5,2
3903,5,6
3904,5,1
3905,5,0
3906,5,1
3907,5,8
3908,5,9
3909,5,1
3910,5,1
3911,5,3
3912,5,5
3913,5,1
3914,5,7
3915,5,6
3916,5,4
3917,5,1
3918,5,7
3919,5,7
3920,5,8
3921,5,7
3922,5,2
3923,5,9
3924,5,4
3925,5,3
3926,5,2
3927,5,1
3928,5,0
3929,5,0
3930,5,0
3931,5,2
3932,5,6
3933,5,1
3934,5,0
3935,5,2
3936,5,0
3937,5,4
3938,5,9
3939,5,6
3940,5,2
3941,5,1
3942,5,3
3943,5,2
3944,5,0
3945,5,1
3946,5,6
3947,5,4
3948,5,0
3949,5,7
3950,5,1
3951,5,4
3952,5,2
3953,5,0
3954,5,7
3955,5,2
3956,5,4
3957,5,0
3958,5,8
3959,5,7
3960,5,7
3961,5,6
3962,5,5
3963,5,5
3964,5,2
3965,5,1
3966,5,4
3967,5,5
3968,5,9
3969,5,6
3970,5,8
3971,5,3
3972,5,3
3973,5,0
3974,5,3
3975,5,6
3976,5,2
3977,5,6
3978,5,5
3979,5,3
3980,5,3
3981,5,3
3982,5,9
3983,5,2
3984,5,5
3985,5,1
3986,5,0
3987,5,5
3988,5,9
3989,5,3
3990,5,1
3991,5,0
3992,5,3
3993,5,0
3994,5,9
3995,5,4
3996,5,3
3997,5,6
3998,5,7
3999,5,8
4000,5,2
4001,5,9
4002,5,5
4003,5,6
4004,5,7
4005,5,6
4006,5,0
4007,5,8
4008,5,8
4009,5,3
4010,5,8
4011,5,2
4012,5,9
4013,5,2
4014,5,0
4015,5,3
4016,5,3
4017,5,2
4018,5,3
4019,5,8
4020,5,6
4021,5,8
4022,5,8
4023,5,2
4024,5,6
4025,5,8
4026,5,3
4027,5,2
4028,5,9
4029,5,2
4030,5,0
4031,5,5
4032,5,4
4033,5,6
4034,5,2
4035,5,8
4036,5,2
4037,5,7
4038,5,3
4039,5,1
4040,5,6
4041,5,4
4042,5,0
4043,5,2
4044,5,1
4045,5,1
4046,5,9
4047,5,9
4048,5,6
4049,5,2
4050,5,3
4051,5,8
4052,5,3
4053,5,6
4054,5,2
4055,5,2
4056,5,3
4057,5,8
4058,5,2
4059,5,5
4060,5,1
4061,5,0
4062,5,3
4063,5,4
4064,5,3
4065,5,1
4066,5,6
4067,5,2
4068,5,1
4069,5,1
4070,5,0
4071,5,6
4072,5,2
4073,5,0
4074,5,0
4075,5,3
4076,5,3
4077,5,4
4078,5,1
4079,5,2
4080,5,7
4081,5,3
4082,5,3
4083,5,3
4084,5,8
4085,5,6
4086,5,1
4087,5,8
4088,5,3
4089,5,4
4090,5,2
4091,5,4
4092,5,5
4093,5,9
4094,5,8
4095,5,3
4096,5,7
4097,5,1
4098,5,4
4099,5,8
4100,5,3
4101,5,3
4102,5,4
4103,5,3
4104,5,9
4105,5,2
4106,5,2
4107,5,6
4108,5,9
4109,5,6
4110,5,7
4111,5,3
4112,5,8
4113,5,1
4114,5,3
4115,5,4
4116,5,1
4117,5,5
4118,5,1
4119,5,8
4120,5,8
4121,5,3
4122,5,6
4123,5,0
4124,5,0
4125,5,3
4126,5,4
4127,5,8
4128,5,9
4129,5,3
4130,5,2
4131,5,6
4132,5,0
4133,5,2
4134,5,7
4135,5,3
4136,5,3
4137,5,2
4138,5,1
4139,5,2
4140,5,3
4141,5,6
4142,5,6
4143,5,2
4144,5,3
4145,5,3
4146,5,7
4147,5,0
4148,5,2
4149,5,1
4150,5,1
4151,5,8
4152,5,3
4153,5,0
4154,5,8
4155,5,5
4156,5,6
4157,5,3
4158,5,6
4159,5,5
4160,5,2
4161,5,9
4162,5,8
4163,5,8
4164,5,3
4165,5,3
4166,5,8
4167,5,9
4168,5,7
4169,5,8
4170,5,1
4171,5,5
4172,5,7
4173,5,2
4174,5,6
4175,5,1
4176,5,6
4177,5,7
4178,5,9
4179,5,2
4180,5,1
4181,5,7
4182,5,0
4183,5,1
4184,5,3
4185,5,8
4186,5,6
4187,5,7
4188,5,9
4189,5,9
4190,5,8
4191,5,2
4192,5,3
4193,5,2
4194,5,0
4195,5,8
4196,5,6
4197,5,0
4198,5,2
4199,5,8
4200,5,2
4201,5,4
4202,5,2
4203,5,6
4204,5,8
4205,5,4
4206,5,2
4207,5,8
4208,5,8
4209,5,5
4210,5,7
4211,5,2
4212,5,1
4213,5,1
4214,5,2
4215,5,3
4216,5,4
4217,5,9
4218,5,3
4219,5,6
4220,5,8
4221,5,6
4222,5,0
4223,5,6
4224,5,5
4225,5,1
4226,5,1
4227,5,3
4228,5,9
4229,5,8
4230,5,6
4231,5,0
4232,5,2
4233,5,6
4234,5,1
4235,5,4
4236,5,2
4237,5,6
4238,5,3
4239,5,2
4240,5,3
4241,5,3
4242,5,2
4243,5,2
4244,5,6
4245,5,0
4246,5,3
4247,5,6
4248,5,3
4249,5,4
4250,5,1
4251,5,5
4252,5,5
4253,5,9
4254,5,8
4255,5,9
4256,5,4
4257,5,2
4258,5,3
4259,5,9
4260,5,7
4261,5,4
4262,5,8
4263,5,2
4264,5,7
4265,5,8
4266,5,5
4267,5,6
4268,5,1
4269,5,5
4270,5,3
4271,5,0
4272,5,2
4273,5,6
4274,5,8
4275,5,3
4276,5,2
4277,5,1
4278,5,0
4279,5,0
4280,5,4
4281,5,2
4282,5,3
4283,5,7
4284,5,3
4285,5,8
4286,5,7
4287,5,1
4288,5,3
4289,5,3
4290,5,3
4291,5,0
4292,5,0
4293,5,5
4294,5,7
4295,5,2
4296,5,1
4297,5,8
4298,5,8
4299,5,4
4300,5,3
4301,5,5
4302,5,1
4303,5,2
4304,5,8
4305,5,3
4306,5,9
4307,5,4
4308,5,8
4309,5,0
4310,5,7
4311,5,8
4312,5,7
4313,5,3
4314,5,8
4315,5,4
4316,5,2
4317,5,3
4318,5,3
4319,5,2
4320,5,2
4321,5,2
4322,5,9
4323,5,6
4324,5,8
4325,5,6
4326,5,3
4327,5,3
4328,5,1
4329,5,9
4330,5,6
4331,5,8
4332,5,3
4333,5,6
4334,5,2
4335,5,1
4336,5,0
4337,5,0
4338,5,8
4339,5,6
4340,5,0
4341,5,3
4342,5,3
4343,5,5
4344,5,0
4345,5,0
4346,5,7
4347,5,8
4348,5,8
4349,5,1
4350,5,9
4351,5,8
4352,5,1
4353,5,2
4354,5,2
4355,5,7
4356,5,8
4357,5,3
4358,5,0
4359,5,3
4360,5,7
4361,5,6
4362,5,2
4363,5,5
4364,5,8
4365,5,4
4366,5,8
4367,5,1
4368,5,3
4369,5,6
4370,5,8
4371,5,3
4372,5,7
4373,5,2
4374,5,0
4375,5,1
4376,5,5
4377,5,8
4378,5,4
4379,5,3
4380,5,4
4381,5,8
4382,5,6
4383,5,1
4384,5,2
4385,5,6
4386,5,8
4387,5,8
4388,5,0
4389,5,1
4390,5,1
4391,5,9
4392,5,1
4393,5,6
4394,5,3
4395,5,2
4396,5,0
4397,5,1
4398,5,4
4399,5,8
4400,5,2
4401,5,2
4402,5,3
4403,5,6
4404,5,0
4405,5,6
4406,5,8
4407,5,0
4408,5,3
4409,5,8
4410,5,6
4411,5,3
4412,5,5
4413,5,6
4414,5,9
4415,5,2
4416,5,6
4417,5,4
4418,5,6
4419,5,3
4420,5,3
4421,5,6
4422,5,5
4423,5,6
4424,5,6
4425,5,8
4426,5,3
4427,5,5
4428,5,3
4429,5,7
4430,5,6
4431,5,6
4432,5,9
4433,5,8
4434,5,3
4435,5,0
4436,5,2
4437,5,1
4438,5,3
4439,5,5
4440,5,2
4441,5,9
4442,5,6
4443,5,2
4444,5,6
4445,5,3
4446,5,6
4447,5,8
4448,5,4
4449,5,2
4450,5,4
4451,5,0
4452,5,6
4453,5,6
4454,5,8
4455,5,5
4456,5,0
4457,5,9
4458,5,2
4459,5,0
4460,5,7
4461,5,5
4462,5,1
4463,5,3
4464,5,3
4465,5,2
4466,5,3
4467,5,0
4468,5,4
4469,5,3
4470,5,1
4471,5,4
4472,5,6
4473,5,9
4474,5,1
4475,5,9
4476,5,9
4477,5,2
4478,5,8
4479,5,8
4480,5,8
4481,5,4
4482,5,2
4483,5,6
4484,5,4
4485,5,0
4486,5,7
4487,5,9
4488,5,9
4489,5,6
4490,5,8
4491,5,4
4492,5,1
4493,5,1
4494,5,3
4495,5,3
4496,5,4
4497,5,3
4498,5,8
4499,5,6
4500,5,3
4501,5,6
4502,5,2
4503,5,8
4504,5,6
4505,5,9
4506,5,1
4507,5,6
4508,5,3
4509,5,3
4510,5,0
4511,5,6
4512,5,2
4513,5,8
4514,5,3
4515,5,1
4516,5,1
4517,5,2
4518,5,6
4519,5,3
4520,5,3
4521,5,3
4522,5,4
4523,5,8
4524,5,7
4525,5,8
4526,5,3
4527,5,8
4528,5,6
4529,5,2
4530,5,0
4531,5,5
4532,5,2
4533,5,4
4534,5,1
4535,5,8
4536,5,8
4537,5,0
4538,5,0
4539,5,4
4540,5,9
4541,5,1
4542,5,3
4543,5,1
4544,5,1
4545,5,7
4546,5,1
4547,5,0
4548,5,0
4549,5,2
4550,5,7
4551,5,0
4552,5,1
4553,5,2
4554,5,4
4555,5,1
4556,5,3
4557,5,2
4558,5,1
4559,5,8
4560,5,5
4561,5,5
4562,5,9
4563,5,6
4564,5,5
4565,5,5
4566,5,3
4567,5,3
4568,5,2
4569,5,2
4570,5,6
4571,5,8
4572,5,0
4573,5,4
4574,5,3
4575,5,6
4576,5,2
4577,5,3
4578,5,7
4579,5,2
4580,5,8
4581,5,5
4582,5,6
4583,5,5
4584,5,3
4585,5,7
4586,5,7
4587,5,1
4588,5,2
4589,5,0
4590,5,9
4591,5,7
4592,5,9
4593,5,8
4594,5,0
4595,5,3
4596,5,0
4597,5,8
4598,5,1
4599,5,1
4600,5,7
4601,5,0
4602,5,8
4603,5,5
4604,5,5
4605,5,2
4606,5,9
4607,5,5
4608,5,7
4609,5,2
4610,5,6
4611,5,0
4612,5,6
4613,5,6
4614,5,8
4615,5,4
4616,5,1
4617,5,0
4618,5,3
4619,5,5
4620,5,7
4621,5,7
4622,5,9
4623,5,5
4624,5,1
4625,5,2
4626,5,3
4627,5,6
4628,5,0
4629,5,1
4630,5,5
4631,5,1
4632,5,6
4633,5,1
4634,5,8
4635,5,0
4636,5,3
4637,5,4
4638,5,6
4639,5,6
4640,5,9
4641,5,6
4642,5,8
4643,5,8
4644,5,1
4645,5,8
4646,5,5
4647,5,8
4648,5,7
4649,5,0
4650,5,6
4651,5,7
4652,5,4
4653,5,8
4654,5,1
4655,5,3
4656,5,2
4657,5,5
4658,5,4
4659,5,8
4660,5,2
4661,5,6
4662,5,7
4663,5,3
4664,5,8
4665,5,4
4666,5,8
4667,5,0
4668,5,2
4669,5,8
4670,5,4
4671,5,5
4672,5,1
4673,5,2
4674,5,8
4675,5,6
4676,5,0
4677,5,0
4678,5,8
4679,5,2
4680,5,4
4681,5,7
4682,5,7
4683,5,2
4684,5,7
4685,5,8
4686,5,6
4687,5,3
4688,5,2
4689,5,8
4690,5,0
4691,5,5
4692,5,5
4693,5,1
4694,5,9
4695,5,1
4696,5,7
4697,5,7
4698,5,3
4699,5,5
4700,5,0
4701,5,1
4702,5,8
4703,5,3
4704,5,3
4705,5,8
4706,5,3
4707,5,7
4708,5,3
4709,5,8
4710,5,6
4711,5,0
4712,5,0
4713,5,7
4714,5,4
4715,5,3
4716,5,0
4717,5,8
4718,5,7
4719,5,8
4720,5,1
4721,5,8
4722,5,1
4723,5,9
4724,5,3
4725,5,1
4726,5,0
4727,5,2
4728,5,1
4729,5,5
4730,5,2
4731,5,2
4732,5,1
4733,5,6
4734,5,4
4735,5,2
4736,5,2
4737,5,0
4738,5,3
4739,5,1
4740,5,7
4741,5,3
4742,5,6
4743,5,1
4744,5,1
4745,5,8
4746,5,6
4747,5,2
4748,5,1
4749,5,7
4750,5,2
4751,5,1
4752,5,3
4753,5,3
4754,5,3
4755,5,2
4756,5,2
4757,5,4
4758,5,7
4759,5,5
4760,5,3
4761,5,2
4762,5,0
4763,5,0
4764,5,0
4765,5,2
4766,5,2
4767,5,1
4768,5,2
4769,5,4
4770,5,5
4771,5,6
4772,5,6
4773,5,8
4774,5,8
4775,5,4
4776,5,3
4777,5,0
4778,5,5
4779,5,8
4780,5,5
4781,5,3
4782,5,5
4783,5,1
4784,5,6
4785,5,8
4786,5,0
4787,5,8
4788,5,2
4789,5,7
4790,5,8
4791,5,3
4792,5,2
4793,5,3
4794,5,7
4795,5,2
4796,5,5
4797,5,6
4798,5,2
4799,5,3
4800,5,9
4801,5,6
4802,5,5
4803,5,1
4804,5,2
4805,5,0
4806,5,1
4807,5,9
4808,5,2
4809,5,1
4810,5,3
4811,5,7
4812,5,9
4813,5,1
4814,5,7
4815,5,7
4816,5,3
4817,5,3
4818,5,4
4819,5,3
4820,5,6
4821,5,0
4822,5,3
4823,5,7
4824,5,3
4825,5,6
4826,5,3
4827,5,8
4828,5,9
4829,5,3
4830,5,3
4831,5,6
4832,5,0
4833,5,2
4834,5,3
4835,5,1
4836,5,3
4837,5,3
4838,5,8
4839,5,4
4840,5,6
4841,5,8
4842,5,7
4843,5,3
4844,5,2
4845,5,0
4846,5,9
4847,5,2
4848,5,6
4849,5,6
4850,5,3
4851,5,7
4852,5,0
4853,5,0
4854,5,4
4855,5,0
4856,5,3
4857,5,7
4858,5,6
4859,5,3
4860,5,1
4861,5,4
4862,5,5
4863,5,2
4864,5,9
4865,5,1
4866,5,3
4867,5,8
4868,5,3
4869,5,5
4870,5,8
4871,5,8
4872,5,1
4873,5,4
4874,5,1
4875,5,5
4876,5,8
4877,5,4
4878,5,8
4879,5,1
4880,5,5
4881,5,8
4882,5,6
4883,5,3
4884,5,2
4885,5,8
4886,5,8
4887,5,9
4888,5,3
4889,5,3
4890,5,8
4891,5,6
4892,5,3
4893,5,9
4894,5,6
4895,5,4
4896,5,6
4897,5,0
4898,5,7
4899,5,3
4900,5,2
4901,5,4
4902,5,4
4903,5,5
4904,5,3
4905,5,6
4906,5,8
4907,5,5
4908,5,6
4909,5,6
4910,5,8
4911,5,3
4912,5,1
4913,5,2
4914,5,2
4915,5,3
4916,5,0
4917,5,2
4918,5,6
4919,5,8
4920,5,3
4921,5,0
4922,5,3
4923,5,7
4924,5,4
4925,5,6
4926,5,8
4927,5,0
4928,5,1
4929,5,3
4930,5,6
4931,5,3
4932,5,2
4933,5,2
4934,5,4
4935,5,8
4936,5,3
4937,5,8
4938,5,6
4939,5,8
4940,5,0
4941,5,2
4942,5,5
4943,5,3
4944,5,8
4945,5,0
4946,5,6
4947,5,4
4948,5,4
4949,5,2
4950,5,6
4951,5,1
4952,5,3
4953,5,4
4954,5,2
4955,5,7
4956,5,2
4957,5,2
4958,5,7
4959,5,3
4960,5,0
4961,5,0
4962,5,3
4963,5,3
4964,5,2
4965,5,3
4966,5,5
4967,5,3
4968,5,6
4969,5,7
4970,5,7
4971,5,6
4972,5,8
4973,5,3
4974,5,3
4975,5,1
4976,5,3
4977,5,6
4978,5,1
4979,5,8
4980,5,0
4981,5,8
4982,5,5
4983,5,2
4984,5,1
4985,5,8
4986,5,9
4987,5,3
4988,5,6
4989,5,2
4990,5,6
4991,5,4
4992,5,7
4993,5,2
4994,5,4
4995,5,0
4996,5,0
4997,5,1
4998,5,1
4999,5,3
